sample_name	raw_fastq1	raw_fastq2	index_seq	error_prone	truth_set
Coriell_A1	/n/scratch/groups/bch/genetics/lee/shayna/data/20240118_in-house_benchmarking/AN00020706/Coriell_A1/Coriell_A1_1.fastq.gz	/n/scratch/groups/bch/genetics/lee/shayna/data/20240118_in-house_benchmarking/AN00020706/Coriell_A1/Coriell_A1_2.fastq.gz	ATCG	/n/data1/bch/genetics/lee/rohini/HATseq-pipeline/reference/ErrorProne/bulk.error_prone.bed	/n/data1/bch/genetics/lee/rohini/HATseq-pipeline/resources/l1_hapmapmixture_final_v2_all_tier1-2.bed
Coriell_A2	/n/scratch/groups/bch/genetics/lee/shayna/data/20240118_in-house_benchmarking/AN00020706/Coriell_A2/Coriell_A2_1.fastq.gz	/n/scratch/groups/bch/genetics/lee/shayna/data/20240118_in-house_benchmarking/AN00020706/Coriell_A2/Coriell_A2_2.fastq.gz	CCAA	/n/data1/bch/genetics/lee/rohini/HATseq-pipeline/reference/ErrorProne/bulk.error_prone.bed	/n/data1/bch/genetics/lee/rohini/HATseq-pipeline/resources/l1_hapmapmixture_final_v2_all_tier1-2.bed
Coriell_A3	/n/scratch/groups/bch/genetics/lee/shayna/data/20240118_in-house_benchmarking/AN00020706/Coriell_A3/Coriell_A3_1.fastq.gz	/n/scratch/groups/bch/genetics/lee/shayna/data/20240118_in-house_benchmarking/AN00020706/Coriell_A3/Coriell_A3_2.fastq.gz	GATC	/n/data1/bch/genetics/lee/rohini/HATseq-pipeline/reference/ErrorProne/bulk.error_prone.bed	/n/data1/bch/genetics/lee/rohini/HATseq-pipeline/resources/l1_hapmapmixture_final_v2_all_tier1-2.bed
Coriell_A4	/n/scratch/groups/bch/genetics/lee/shayna/data/20240118_in-house_benchmarking/AN00020706/Coriell_A4/Coriell_A4_1.fastq.gz	/n/scratch/groups/bch/genetics/lee/shayna/data/20240118_in-house_benchmarking/AN00020706/Coriell_A4/Coriell_A4_2.fastq.gz	TGGT	/n/data1/bch/genetics/lee/rohini/HATseq-pipeline/reference/ErrorProne/bulk.error_prone.bed	/n/data1/bch/genetics/lee/rohini/HATseq-pipeline/resources/l1_hapmapmixture_final_v2_all_tier1-2.bed
4663-PFC	/n/data1/bch/genetics/lee/bzhao/AT/data/4663-PFC_R1_001.fastq.gz	/n/data1/bch/genetics/lee/bzhao/AT/data/4663-PFC_R2_001.fastq.gz	ATCG	-NA-	-NA-
4663-Vermis	/n/scratch/groups/bch/genetics/lee/shayna/data/20240118_in-house_benchmarking/Aging_ALS/4663-Vermis_R1_001.fastq.gz	/n/scratch/groups/bch/genetics/lee/shayna/data/20240118_in-house_benchmarking/Aging_ALS/4663-Vermis_R2_001.fastq.gz	ATCG	-NA-	-NA-
4663-Lateral-cere	/n/scratch/groups/bch/genetics/lee/shayna/data/20240118_in-house_benchmarking/Aging_ALS/4663-Lateral-cere_R1_001.fastq.gz	/n/scratch/groups/bch/genetics/lee/shayna/data/20240118_in-house_benchmarking/Aging_ALS/4663-Lateral-cere_R2_001.fastq.gz	CCAA	-NA-	-NA-
ST001_Lung-bulk_R1	/n/no_backup2/bch/lee/shayna/data/20240118_in-house_benchmarking/AN00023686/ST001_Lung-bulk_R1/ST001_Lung-bulk_R1_1.fastq.gz	/n/no_backup2/bch/lee/shayna/data/20240118_in-house_benchmarking/AN00023686/ST001_Lung-bulk_R1/ST001_Lung-bulk_R1_2.fastq.gz	ATCG	/n/data1/bch/genetics/lee/rohini/HATseq-pipeline/reference/ErrorProne/bulk.error_prone.bed	-NA-
ST001_Lung-bulk_R2	/n/no_backup2/bch/lee/shayna/data/20240118_in-house_benchmarking/AN00023686/ST001_Lung-bulk_R2/ST001_Lung-bulk_R2_1.fastq.gz	/n/no_backup2/bch/lee/shayna/data/20240118_in-house_benchmarking/AN00023686/ST001_Lung-bulk_R2/ST001_Lung-bulk_R2_2.fastq.gz	CCAA	/n/data1/bch/genetics/lee/rohini/HATseq-pipeline/reference/ErrorProne/bulk.error_prone.bed	-NA-
ST001_Liver-bulk_R1	/n/no_backup2/bch/lee/shayna/data/20240118_in-house_benchmarking/AN00023686/ST001_Liver-bulk_R1/ST001_Liver-bulk_R1_1.fastq.gz	/n/no_backup2/bch/lee/shayna/data/20240118_in-house_benchmarking/AN00023686/ST001_Liver-bulk_R1/ST001_Liver-bulk_R1_1.fastq.gz	GATC	/n/data1/bch/genetics/lee/rohini/HATseq-pipeline/reference/ErrorProne/bulk.error_prone.bed	-NA-
ST001_Liver-bulk_R2	/n/no_backup2/bch/lee/shayna/data/20240118_in-house_benchmarking/AN00023686/ST001_Liver-bulk_R2/ST001_Liver-bulk_R2_1.fastq.gz	/n/no_backup2/bch/lee/shayna/data/20240118_in-house_benchmarking/AN00023686/ST001_Liver-bulk_R2/ST001_Liver-bulk_R2_2.fastq.gz	TGGT	/n/data1/bch/genetics/lee/rohini/HATseq-pipeline/reference/ErrorProne/bulk.error_prone.bed	-NA-
ST002_Lung-bulk_R1	/n/no_backup2/bch/lee/shayna/data/20240118_in-house_benchmarking/AN00023686/ST002_Lung-bulk_R1/ST002_Lung-bulk_R1_1.fastq.gz	/n/no_backup2/bch/lee/shayna/data/20240118_in-house_benchmarking/AN00023686/ST002_Lung-bulk_R1/ST002_Lung-bulk_R1_2.fastq.gz	ATCG	/n/data1/bch/genetics/lee/rohini/HATseq-pipeline/reference/ErrorProne/bulk.error_prone.bed	-NA-
ST002_Lung-bulk_R2	/n/no_backup2/bch/lee/shayna/data/20240118_in-house_benchmarking/AN00023686/ST002_Lung-bulk_R2/ST002_Lung-bulk_R2_1.fastq.gz	/n/no_backup2/bch/lee/shayna/data/20240118_in-house_benchmarking/AN00023686/ST002_Lung-bulk_R2/ST002_Lung-bulk_R2_2.fastq.gz	CCAA	/n/data1/bch/genetics/lee/rohini/HATseq-pipeline/reference/ErrorProne/bulk.error_prone.bed	-NA-
ST002_Colon-bulk_R1	/n/no_backup2/bch/lee/shayna/data/20240118_in-house_benchmarking/AN00023686/ST002_Colon-bulk_R1/ST002_Colon-bulk_R1_1.fastq.gz	/n/no_backup2/bch/lee/shayna/data/20240118_in-house_benchmarking/AN00023686/ST002_Colon-bulk_R1/ST002_Colon-bulk_R1_1.fastq.gz	GATC	/n/data1/bch/genetics/lee/rohini/HATseq-pipeline/reference/ErrorProne/bulk.error_prone.bed	-NA-
ST002_Colon-bulk_R2	/n/no_backup2/bch/lee/shayna/data/20240118_in-house_benchmarking/AN00023686/ST002_Colon-bulk_R2/ST002_Colon-bulk_R2_1.fastq.gz	/n/no_backup2/bch/lee/shayna/data/20240118_in-house_benchmarking/AN00023686/ST002_Colon-bulk_R2/ST002_Colon-bulk_R2_2.fastq.gz	TGGT	/n/data1/bch/genetics/lee/rohini/HATseq-pipeline/reference/ErrorProne/bulk.error_prone.bed	-NA-
ST003_Brain-bulk_R1	/n/no_backup2/bch/lee/shayna/data/20240118_in-house_benchmarking/AN00023686/ST003_Brain-bulk_R1/ST003_Brain-bulk_R1_1.fastq.gz	/n/no_backup2/bch/lee/shayna/data/20240118_in-house_benchmarking/AN00023686/ST003_Brain-bulk_R1/ST003_Brain-bulk_R1_2.fastq.gz	ATCG	/n/data1/bch/genetics/lee/rohini/HATseq-pipeline/reference/ErrorProne/bulk.error_prone.bed	-NA-
ST003_Brain-bulk_R2	/n/no_backup2/bch/lee/shayna/data/20240118_in-house_benchmarking/AN00023686/ST003_Brain-bulk_R2/ST003_Brain-bulk_R2_1.fastq.gz	/n/no_backup2/bch/lee/shayna/data/20240118_in-house_benchmarking/AN00023686/ST003_Brain-bulk_R2/ST003_Brain-bulk_R2_2.fastq.gz	CCAA	/n/data1/bch/genetics/lee/rohini/HATseq-pipeline/reference/ErrorProne/bulk.error_prone.bed	-NA-
ST004_Brain-bulk_R1	/n/no_backup2/bch/lee/shayna/data/20240118_in-house_benchmarking/AN00023686/ST004_Brain-bulk_R1/ST004_Brain-bulk_R1_1.fastq.gz	/n/no_backup2/bch/lee/shayna/data/20240118_in-house_benchmarking/AN00023686/ST004_Brain-bulk_R1/ST004_Brain-bulk_R1_2.fastq.gz	ATCG	/n/data1/bch/genetics/lee/rohini/HATseq-pipeline/reference/ErrorProne/bulk.error_prone.bed	-NA-
ST004_Brain-bulk_R2	/n/no_backup2/bch/lee/shayna/data/20240118_in-house_benchmarking/AN00023686/ST004_Brain-bulk_R2/ST004_Brain-bulk_R2_1.fastq.gz	/n/no_backup2/bch/lee/shayna/data/20240118_in-house_benchmarking/AN00023686/ST004_Brain-bulk_R2/ST004_Brain-bulk_R2_2.fastq.gz	CCAA	/n/data1/bch/genetics/lee/rohini/HATseq-pipeline/reference/ErrorProne/bulk.error_prone.bed	-NA-